1.0;MIEDè MILBERY Z£OM;material00000017;ZK;TRUE;FALSE
1.1S;MIEDè KAWE£EK åWIEC•CY Z£OM;material00000018;ZK;TRUE;FALSE
1.2;MIEDè KAWA£EK + GRUBA PALONA Z£OM;material00000019;ZK;TRUE;FALSE
1.3;MIEDè NIESORT Z£OM;material0000001a;ZK;TRUE;FALSE
1.4;MIEDè POBIA£ Z£OM;material0000001b;ZK;TRUE;FALSE
1.5;MIEDè PIECYK Z£OM;material0000001c;ZK;TRUE;FALSE
1.9;MIEDZIONOåNY Z£OM;material0000001d;ZK;TRUE;FALSE
10;N-10 KOLOR Z£OM;material0000001e;ZK;FALSE;FALSE
10.0;TRANSFORMATORY Z£OM;material0000001f;ZK;TRUE;FALSE
10.1;SILNIKI ELEKTRYCZNE Z£OM;material00000020;ZK;TRUE;FALSE
11;Kable;material00000022;ZK;FALSE;FALSE
13;Op≥ata za dzierøawÍ wg par.4 i 5 umowy;material00000024;ZK;FALSE;FALSE
2.0;MOSI•DZ Ø”£TY Z£OM;material0000002d;ZK;TRUE;FALSE
2.1;MOSI•DZ POBIA£ Z£OM;material0000002e;ZK;TRUE;FALSE
2.2;MOSI•DZ M 63 Z£OM;material0000002f;ZK;TRUE;FALSE
2.3;MOSI•DZ CH£ODNICE Z£OM;material00000030;ZK;TRUE;FALSE
2.4;WI”RY MOSI•DZ/BR•Z MIX Z£OM;material00000031;ZK;TRUE;FALSE
3.0;BR•Z NIEMAGNETYCZNY Z£OM;material00000035;ZK;TRUE;FALSE
3.1;BR•Z MAGNETYCZNY Z£OM;material00000036;ZK;TRUE;FALSE
4.0;ALUMINIUM SEKTOR Z£OM;material00000037;ZK;TRUE;FALSE
4.1;ALUMINIUM LINKA Z£OM;material00000038;ZK;TRUE;FALSE
4.2;ALUMINIUM PLASTYKA Z£OM;material00000039;ZK;TRUE;FALSE
4.2 A1;ALUMINIUM SPOØYWKA Z£OM;material0000003a;ZK;TRUE;FALSE
4.2P;ALUMINIUM PROFIL CZYSTY Z£OM;material0000003b;ZK;TRUE;FALSE
4.2PK;ALUMINIUM PROFIL KOLOROWY Z£OM;material0000003c;ZK;TRUE;FALSE
4.3;ALUMINIUM ODLEW Z£OM;material0000003d;ZK;TRUE;FALSE
4.3F;ALUMINIUM FELGA Z£OM;material0000003e;ZK;TRUE;FALSE
4.4;ALUMINIUM OFFSET Z£OM;material0000003f;ZK;TRUE;FALSE
4.5;ALUMINIUM PUSZKI Z£OM;material00000040;ZK;TRUE;FALSE
4.6;ALUMINIUM FOLIA Z£OM;material00000041;ZK;TRUE;FALSE
4.7;ALUMINIUM STOPOWE/MAGNEZOWE Z£OM;material00000042;ZK;TRUE;FALSE
4.8;ALUMINIUM ØALUZJE Z£OM;material00000043;ZK;TRUE;FALSE
4.9;ALUMINIUM WI”RY Z£OM;material00000044;ZK;TRUE;FALSE
5.0;CYNK Z£OM;material00000045;ZK;TRUE;FALSE
5.1;ZnAl Z£OM;material00000046;ZK;TRUE;FALSE
6.0;O£”W CZYSTY Z£OM;material00000047;ZK;TRUE;FALSE
6.1;O£”W Z BITUMEM Z£OM;material00000048;ZK;TRUE;FALSE
7.0;CHROMONIKIEL Z£OM;material00000049;ZK;TRUE;FALSE
7.1;WI”RY NIERDZEWNE Z£OM;material0000004a;ZK;TRUE;FALSE
7.2;GRZA£KI NIERDZEWNE Z£OM;material0000004b;ZK;TRUE;FALSE
7.3;STAL CHROMOWA Z£OM;material0000004c;ZK;TRUE;FALSE
8.0;AKUMULATORY Z£OM;material0000004d;ZK;TRUE;FALSE
8.1;AKUMULATORY KADMOWO-NIKLOWE Z£OM;material0000004e;ZK;TRUE;FALSE
9.0;KATALIZATORY SAMOCHODOWE Z£OM;material0000004f;ZK;FALSE;FALSE
9.1;KATALIZATORY SAMOCHODOWE Z£OM;material00000050;ZK;TRUE;FALSE
9.2;W GLIKI SPIEKANE;material00000051;ZK;TRUE;FALSE
9.3;W GLIKI SPIEKANE;material00000052;ZK;FALSE;FALSE
BCZ1;Blacha g≥Íbokot≥oczona, czarna, wymiary max 40x40 c;material00000240;ZC;TRUE;TRUE
BCZ2;Blacha g≥Íbokot≥oczona, czarna, wymiary max 40x40 c;material00000241;ZC;TRUE;TRUE
BO1;Blacha g≥Íbokot≥oczona ocynkowana, wymiary max 40x4;material00000255;ZC;TRUE;TRUE
BO2;Blacha g≥Íbokot≥oczona ocynkowana, d≥ugoúÊ powyøej ;material0000025a;ZC;TRUE;TRUE
K;Z≥om z pojazdÛw przeznacz. do kasacji;material000002f9;ZC;FALSE;FALSE
N10;Z≥om stalowy do przerobu na strzÍpiarce;material00000341;ZC;TRUE;TRUE
N10K;Z≥om stalowy zanieczyszczony m.in.: druty, liny, ca;material00000342;ZC;TRUE;TRUE
N10P;Z≥om stalowy poproduk. do przerobu na strzÍpiarce/p;material00000343;ZC;TRUE;TRUE
N15;Z≥om opakowaÒ metalowych z pow≥okπ cyny oraz z≥om z;material00000344;ZC;TRUE;TRUE
N15N;Z≥om odpadÛw poprodukcyjnych przemys≥u opak. w post;material00000345;ZC;FALSE;FALSE
N2;Z≥om stalowy do przerobu na prasonoøycy;material00000346;ZC;TRUE;TRUE
N5;Z≥om stalowy o gruboúci powyøej 6 mm;material00000347;ZC;TRUE;TRUE
N6;Szyny do ciÍcia pow. 1,5 m, zestawy kolejowe;material00000348;ZC;FALSE;FALSE
NS;Blacha niewsadowa poprodukcyjna- mix;material0000034a;ZC;TRUE;TRUE
S1-B2;Z≥om manganowy;material0000047e;ZC;FALSE;FALSE
W1;Z≥om stalowy kawa≥kowy o gruboúci powyøej 6 mm;material000004ab;ZC;TRUE;TRUE
W10;Klasa nie obowiπzuje w roku 2005;material000004ac;ZC;FALSE;FALSE
W13;WiÛry stalowe luzem nieskorodowane;material000004ad;ZC;TRUE;TRUE
W13Ø;WiÛry øeliwne;material000004ae;ZC;FALSE;FALSE
W15;Klasa nie obowiπzuje w roku 2005;material000004af;ZC;FALSE;FALSE
W2;Z≥om stalowy kawa≥kowy o gruboúci powyøej 4 mm;material000004b0;ZC;TRUE;TRUE
W3;Z≥om stalowy kawa≥kowy drobny, minimalna gruboúÊ 8 ;material000004b1;ZC;FALSE;FALSE
W5;Z≥om stalowy kawa≥kowy bez odcinkÛw rur,  minimalna;material000004b3;ZC;TRUE;TRUE
W5S1;Szyny do 40 cm;material000004b6;ZC;TRUE;TRUE
W5S2;Szyny do 1,5 m;material000004b7;ZC;TRUE;TRUE
W8;Z≥om wsadowy z prasonoøyc bez zawartoúci karoserii ;material000004ba;ZC;TRUE;TRUE
ZZE;Z≥om øeliwny emaliowany;material000004e9;ZC;TRUE;TRUE
ZZG;Z≥om øeliwny wielkogabarytowy;material000004ea;ZC;TRUE;TRUE
ZZW;Z≥om øeliwny wsadowy;material000004eb;ZC;TRUE;TRUE
10.2;Z≥om z 25% zawartoúciπ metali kolorowych;material00000694;ZK;FALSE;FALSE
N10 A;Z≥om pochodzπcy z przetworzenia zuøytego sprzÍtu AG;material00000747;ZC;FALSE;FALSE
N10 W;Z£OM METALI KOLOROWYCH Z WYSORTU;material000007f2;ZK;TRUE;FALSE
4.2 CH;ALUMINIUM CH£ODNICE Z£OM;material0000082a;ZK;TRUE;FALSE
7.0 A;CHROMONIKIEL Z£OM O ZAWARTOåCI NIKLU POW. 9%;material00000b41;ZK;TRUE;FALSE
4.12;CH£ODNICE ALUMINIOWO MIEDZIANE Z£OM;material00000cdf;ZK;TRUE;FALSE
4.8 R;ALUMINIUM ROLETY Z£OM;material00000d28;ZK;TRUE;FALSE
1.3 COPPER;MIEDè NIESORT Z£OM;material00000d65;ZK;FALSE;FALSE
5.2;CYNA Z£OM;material00000d69;ZK;TRUE;FALSE
3.2;BR•Z WI”RY Z£OM;material00000da7;ZK;TRUE;FALSE
7.0N;CZYSTY NIKIEL;material00000e7f;ZK;TRUE;FALSE
7.0A1;STAL NIERDZEWNA O ZAWARTOåCI Ni 9,5%, Ni 10%, Ni 11%, Ni 12%;material00000e80;ZK;TRUE;FALSE
7.0A2;STAL NIERDZEWNA O ZAWARTOåCI Ni 10% - 14% i Mo 2% - 3%;material00000e81;ZK;TRUE;FALSE
7.0A3;STAL NIERDZEWNA O ZAWARTOåCI Ni 20% - 25% I Mo 3% - 6%;material00000e82;ZK;TRUE;FALSE
W13B;Brykiet z wiÛr øeliwnych;material00000e88;ZC;FALSE;FALSE
N10SD;Z≥om stalowy do przerobu na strzÍpiarce/prasonoøycy;material00000ec3;ZC;TRUE;TRUE
N10 ZP;Z≥om pochodzπcy z Zak≥adu Przetwarzania ZSEiE;material00000ec4;ZC;TRUE;TRUE
1.0A;Z£OM MIEDZI AGD;material00000f7e;ZK;FALSE;FALSE
4.0A;Z£OM ALUMINIUM AGD;material00000f7f;ZK;FALSE;FALSE
1.0G;Z£OM MIEDZI GRANULAT;material00000f87;ZK;TRUE;FALSE
W1SD;Z≥om stalowy kawa≥kowy o gruboúci powyøej 6 mm ze s;material00000fa2;ZC;FALSE;FALSE
BCZ2P;Blacha g≥Íbokot≥oczona, poprodukcyjna, czarna, wymi;material00000fa4;ZC;FALSE;FALSE
N15P;Z≥om opakowaÒ metalowych z pow≥okπ cyny oraz z≥om z;material00000fb7;ZC;TRUE;TRUE
ZSEE1;Wielkogabarytowe urzπdzenia gospodarstwa domowego;material00000fd5;ZC;TRUE;TRUE
1.6;KABEL MIEDZIANY Z£OM;material00000ff5;ZK;TRUE;FALSE
ZU;Z≥om uøytkowy;material00000fff;ZC;TRUE;TRUE
2.5;MOSI•DZ W ØYKI Z£OM;material00001006;ZK;TRUE;FALSE
4.10;ALUMINIUM ZGARY Z£OM;material00001007;ZK;TRUE;FALSE
4.2K;KABEL ALUMINIOWY Z£OM;material00001018;ZK;TRUE;FALSE
1.6SD;KABEL MIEDZIANY ZE STACJI DEMONTAØU;material0000102c;ZK;TRUE;FALSE
2.0SD;MOSI•DZ Ø”£TY ZE STACJI DEMONTAØU;material0000102d;ZK;TRUE;FALSE
2.1SD;MOSI•DZ POBIA£ ZE STACJI DEMONTAØU;material0000102e;ZK;TRUE;FALSE
2.3SD;MOSI•DZ CH£ODNICE ZE STACJI DEMONTAØU Z£OM;material0000102f;ZK;TRUE;FALSE
4.2SD;ALUMINIUM PLASTYKA ZE STACJI DEMONTAØU Z£OM;material00001030;ZK;TRUE;FALSE
4.2CHSD;ALUMINIUM CH£ODNICE ZE STACJI DEMONTAØU Z£OM;material00001031;ZK;TRUE;FALSE
4.3SD;ALUMINIUM ODLEW ZE STACJI DEMONTAØU Z£OM;material00001032;ZK;TRUE;FALSE
4.3FSD;ALUMINIUM FELGA ZE STACJI DEMONTAØU Z£OM;material00001033;ZK;TRUE;FALSE
ZZGSD;Z≥om øeliwny wielkogabarytowy ze stacji demontaøu;material0000109e;ZC;FALSE;FALSE
N2SD;Z≥om stalowy do przerobu na prasonoøycy ze stacji d;material0000109f;ZC;TRUE;TRUE
12.0 M;Z≥om mieszany;material000010a0;ZK;FALSE;FALSE
7.2 CU;GRZA£KI MIEDZIANE Z£OM;material000010ae;ZK;TRUE;FALSE
5.3;CYNK WI”RY Z£OM;material000010b6;ZK;TRUE;FALSE
N10X;Z≥om poprodukcyjny-zgary, szlaka;material000010b8;ZC;TRUE;TRUE
N10Z;Z≥om stalowy do przerobu na sprzÍpiarce ze zbrojarn;material000010b9;ZC;TRUE;TRUE
8.2;Akumulatory z≥om - pozosta≥e;material000010da;ZK;FALSE;FALSE
N5N;Z≥om stalowy poprodukcyjny o gruboúci pow. 6 mm w p;material00001134;ZC;TRUE;TRUE
10.1 ZP;Elementy z≥omowe pochodzπce z Zak≥adu Przetwarzania;material00001159;ZK;TRUE;FALSE
4.11;ALUMINIUM PY£ Z£OM;material00001161;ZK;TRUE;FALSE
4.2BP;ALUMINIUM BLACHY POPRODUKCYJNE Z£OM;material000011da;ZK;TRUE;FALSE
6.1J;O£”W Z JUT• Z£OM;material000011db;ZK;TRUE;FALSE
6.1O;O£”W ODWAØNIKI Z£OM;material000011dc;ZK;TRUE;FALSE
7.3G;GARY NIERDZEWNE Z£OM;material000011dd;ZK;TRUE;FALSE
9.0A1;STAL NARZ DZIOWA Z£OM GRUPA 1;material000011de;ZK;TRUE;FALSE
9.0A2;STAL NARZ DZIOWA Z£OM GRUPA 2;material000011df;ZK;TRUE;FALSE
9.0A3;STAL NARZ DZIOWA Z£OM GRUPA 3;material000011e0;ZK;TRUE;FALSE
N10 MIX;Z£OM METALI KOLOROWYCH MIX;material000011ef;ZK;FALSE;FALSE
W3P;Z≥om stalowy poprodukcyjny kawa≥kowy drobny, minima;material000011f3;ZC;TRUE;TRUE
W5P;Z≥om kawa≥kowy poprodukcyjny bez odcinkÛw rurm, min;material000011f4;ZC;FALSE;FALSE
W13ØP;WiÛry øeliwne poprodukcyjne;material000011f5;ZC;FALSE;FALSE
W13P;WiÛry stalowe poprodukcyjne;material000011f6;ZC;FALSE;FALSE
N10D;Z≥om stalowy - druty zbrojeniowe;material000011f7;ZC;TRUE;TRUE
N2P;Z≥om stalowy poprodukcyjny do przerobu na prasonoøy;material000011f9;ZC;FALSE;FALSE
N5P;Z≥om stalowy poprodukcyjny o gruboúci powyøej 6 mm;material000011fa;ZC;FALSE;FALSE
N15NP;Z≥om odpadÛw poprodukcyjnych przemys≥u opakowaniowe;material000011fb;ZC;TRUE;TRUE
N15N PACZKA;Paczki z odpadÛw poprodukcyjnych przemys≥u opakowan;material000011fc;ZC;FALSE;FALSE
BCZ1P;Blacha g≥Íbokot≥oczona, poprodukcyjna, czarna, wymi;material000011fd;ZC;TRUE;TRUE
NSP;Blacha niewsadowa poprodukcyjna- mix;material000011fe;ZC;TRUE;TRUE
NS1;Blacha g≥Íbokot≥oczona, czarna, wymiary powyøej 40 ;material000011ff;ZC;TRUE;TRUE
NS1P;Blacha g≥Íbokot≥oczona, czarna, poprodukcyjna, wymi;material00001200;ZC;TRUE;TRUE
NS2;Blacha g≥Íbokot≥oczona, czarna, wymiary powyøej 40 ;material00001201;ZC;FALSE;FALSE
NS2P;Blacha g≥Íbokot≥oczona, czarna, poprodukcyjna , wym;material00001202;ZC;FALSE;FALSE
NS1 PACZKA;Paczki z blachy g≥Íbokot≥oczonej czarnej;material00001203;ZC;FALSE;FALSE
NS2 PACZKA;Paczki z blachy g≥Íbokot≥oczonej czarnej;material00001204;ZC;FALSE;FALSE
BO1P;Blacha g≥Íbokot≥oczona ocynkowana poprodukcyjna,  w;material00001205;ZC;TRUE;TRUE
B02P;Blacha g≥Íbokot≥oczona ocynkowana poprodukcyjna,  d;material00001206;ZC;FALSE;FALSE
BO PACZKA;Paczki z blachy g≥Íbokot≥oczonej ocynkowanej;material00001207;ZC;FALSE;FALSE
ZZWP;Z≥om øeliwny wsadowy poprodukcyjny;material00001208;ZC;FALSE;FALSE
BO2P;Blacha g≥Íbokot≥oczona ocynkowana, poprodukcyjna d≥;material00001209;ZC;TRUE;TRUE
N10OP;Z≥om stalowy poprodukcyjny- druciki drobne, zaniecz;material0000120a;ZC;TRUE;TRUE
N15K;Z≥om opakowaÒ metalowych z pow≥okπ cyny oraz z≥om z;material00001214;ZC;TRUE;TRUE
4.2T;ALUMINIUM PLASTYKA Z£OM;material00001239;ZK;TRUE;FALSE
1.0T;MIEDè MILBERY Z£OM;material0000123e;ZK;TRUE;FALSE
1.1ST;MIEDè KAWA£EK åWIEC•CY Z£OM;material0000123f;ZK;TRUE;FALSE
1.2T;MIEDè KAWA£EK + GRUBA PALONA Z£OM;material00001240;ZK;TRUE;FALSE
1.3T;MIEDè NIESORT Z£OM;material00001241;ZK;TRUE;FALSE
1.4T;MIEDè POBIA£ Z£OM;material00001242;ZK;TRUE;FALSE
1.5T;MIEDè PIECYK Z£OM;material00001243;ZK;TRUE;FALSE
1.6T;KABEL MIEDZIANY Z£OM;material00001244;ZK;TRUE;FALSE
1.9T;MIEDZIONOåNY Z£OM;material00001245;ZK;TRUE;FALSE
ZSEE1*;Wielkogabarytowe urzπdzenia gospodarstwa domowego;material00001249;ZK;TRUE;FALSE
4.5N;ALUMINIUM NAKR TKI Z£OM;material0000125d;ZK;FALSE;FALSE
7.3D;STAL CHROMOWA Z£OM - DRUT DSD;material0000126c;ZK;FALSE;FALSE
2.0T;MOSI•DZ Ø”£TY Z£OM;material00001277;ZK;TRUE;FALSE
2.1T;MOSI•DZ POBIA£ Z£OM;material00001278;ZK;TRUE;FALSE
2.2T;MOSI•DZ M 63 Z£OM;material00001279;ZK;TRUE;FALSE
2.3T;MOSI•DZ CH£ODNICE Z£OM;material0000127a;ZK;TRUE;FALSE
2.4T;WI”RY MOSI•DZ/BR•Z MIX Z£OM;material0000127b;ZK;TRUE;FALSE
2.5T;MOSI•DZ W ØYKI Z£OM;material0000127c;ZK;TRUE;FALSE
3.0T;BR•Z NIEMAGNETYCZNY Z£OM;material0000127d;ZK;TRUE;FALSE
3.1T;BR•Z MAGNETYCZNY Z£OM;material0000127e;ZK;TRUE;FALSE
3.2T;BR•Z WI”RY Z£OM;material0000127f;ZK;TRUE;FALSE
4.0T;ALUMINIUM SEKTOR Z£OM;material00001280;ZK;TRUE;FALSE
4.1T;ALUMINIUM LINKA Z£OM;material00001281;ZK;TRUE;FALSE
4.2 A1T;ALUMINIUM SPOØYWKA Z£OM;material00001282;ZK;TRUE;FALSE
4.2 CHT;ALUMINIUM CH£ODNICE Z£OM;material00001283;ZK;TRUE;FALSE
4.2KT;KABEL ALUMINIOWY Z£OM;material00001284;ZK;TRUE;FALSE
4.3T;ALUMINIUM ODLEW Z£OM;material00001285;ZK;TRUE;FALSE
4.3FT;ALUMINIUM FELGA Z£OM;material00001286;ZK;TRUE;FALSE
4.4T;ALUMINIUM OFFSET Z£OM;material00001287;ZK;TRUE;FALSE
4.5T;ALUMINIUM PUSZKI Z£OM;material00001288;ZK;TRUE;FALSE
4.6T;ALUMINIUM FOLIA Z£OM;material00001289;ZK;TRUE;FALSE
4.7T;ALUMINIUM STOPOWE/MAGNEZOWE Z£OM;material0000128a;ZK;TRUE;FALSE
4.8T;ALUMINIUM ØALUZJE Z£OM;material0000128b;ZK;TRUE;FALSE
4.8RT;ALUMINIUM ROLETY Z£OM;material0000128c;ZK;TRUE;FALSE
4.9T;ALUMINIUM WI”RY Z£OM;material0000128d;ZK;TRUE;FALSE
4.10T;ALUMINIUM ZGARY Z£OM;material0000128e;ZK;TRUE;FALSE
4.11T;ALUMINIUM PY£ Z£OM;material0000128f;ZK;TRUE;FALSE
4.12T;CH£ODNICE ALUMINIOWO MIEDZIANE Z£OM;material00001290;ZK;TRUE;FALSE
5.0T;CYNK Z£OM;material00001291;ZK;TRUE;FALSE
5.1T;ZnAl Z£OM;material00001292;ZK;TRUE;FALSE
5.2T;CYNA Z£OM;material00001293;ZK;TRUE;FALSE
5.3T;CYNK WI”RY Z£OM;material00001294;ZK;TRUE;FALSE
6.0T;O£”W CZYSTY Z£OM;material00001295;ZK;TRUE;FALSE
6.1T;O£”W Z BITUMEM Z£OM;material00001296;ZK;TRUE;FALSE
6.1JT;O£”W Z JUT• Z£OM;material00001297;ZK;TRUE;FALSE
6.1OT;O£”W ODWAØNIKI Z£OM;material00001298;ZK;TRUE;FALSE
7.0T;CHROMONIKIEL Z£OM;material00001299;ZK;TRUE;FALSE
7.0 AT;CHROMONIKIEL Z£OM O ZAWARTOåCI NIKLU POW. 9%;material0000129a;ZK;TRUE;FALSE
7.0 A1T;STAL NIERDZEWNA O ZAWARTOåCI Ni 9,5%, Ni 10%, Ni 11%, Ni 12%;material0000129b;ZK;TRUE;FALSE
7.0A2T;STAL NIERDZEWNA O ZAWARTOåCI Ni 10% - 14% i Mo 2% - 3%;material0000129c;ZK;TRUE;FALSE
7.0A3T;STAL NIERDZEWNA O ZAWARTOåCI Ni 20% - 25% I Mo 3% - 6%;material0000129d;ZK;TRUE;FALSE
7.0NT;CZYSTY NIKIEL;material0000129e;ZK;TRUE;FALSE
7.1T;WI”RY NIERDZEWNE Z£OM;material0000129f;ZK;TRUE;FALSE
7.2T;GRZA£KI NIERDZEWNE Z£OM;material000012a0;ZK;TRUE;FALSE
7.2 CUT;GRZA£KI MIEDZIANE Z£OM;material000012a1;ZK;TRUE;FALSE
7.3T;STAL CHROMOWA Z£OM;material000012a2;ZK;TRUE;FALSE
7.3GT;GARY NIERDZEWNE Z£OM;material000012a3;ZK;TRUE;FALSE
8.0T;AKUMULATORY Z£OM;material000012a4;ZK;TRUE;FALSE
8.1T;AKUMULATORY KADMOWO-NIKLOWE Z£OM;material000012a5;ZK;TRUE;FALSE
9.0A1T;STAL NARZ DZIOWA Z£OM GRUPA 1;material000012a6;ZK;TRUE;FALSE
9.0A2T;STAL NARZ DZIOWA Z£OM GRUPA 2;material000012a7;ZK;TRUE;FALSE
9.0A3T;STAL NARZ DZIOWA Z£OM GRUPA 3;material000012a8;ZK;TRUE;FALSE
9.1T;KATALIZATORY SAMOCHODOWE Z£OM;material000012a9;ZK;TRUE;FALSE
9.2T;W GLIKI SPIEKANE;material000012aa;ZK;TRUE;FALSE
10.0T;TRANSFORMATORY Z£OM;material000012ab;ZK;TRUE;FALSE
10.1T;SILNIKI ELEKTRYCZNE Z£OM;material000012ac;ZK;TRUE;FALSE
N10 WT;Z£OM METALI KOLOROWYCH Z WYSORTU;material000012ad;ZK;TRUE;FALSE
7.3DT;STAL CHROMOWA Z£OM - DRUT DSD;material000012ae;ZK;TRUE;FALSE
4.2PKT;ALUMINIUM PROFIL KOLOROWY Z£OM;material000012af;ZK;TRUE;FALSE
4.2BPT;ALUMINIUM BLACHY POPRODUKCYJNE Z£OM;material000012b0;ZK;TRUE;FALSE
1.0GT;Z£OM MIEDZI GRANULAT;material000012b1;ZK;TRUE;FALSE
1.6SDT;KABEL MIEDZIANY ZE STACJI DEMONTAØU;material000012b2;ZK;TRUE;FALSE
2.0SDT;MOSI•DZ Ø”£TY ZE STACJI DEMONTAØU;material000012b3;ZK;TRUE;FALSE
2.1SDT;MOSI•DZ POBIA£ ZE STACJI DEMONTAØU;material000012b4;ZK;TRUE;FALSE
2.3SDT;MOSI•DZ CH£ODNICE ZE STACJI DEMONTAØU Z£OM;material000012b5;ZK;TRUE;FALSE
4.2SDT;ALUMINIUM PLASTYKA ZE STACJI DEMONTAØU Z£OM;material000012b6;ZK;TRUE;FALSE
4.3SDT;ALUMINIUM ODLEW ZE STACJI DEMONTAØU Z£OM;material000012b7;ZK;TRUE;FALSE
4.3FSDT;ALUMINIUM FELGA ZE STACJI DEMONTAØU Z£OM;material000012b8;ZK;TRUE;FALSE
N10 MIX T;Z£OM METALI KOLOROWYCH MIX;material000012ba;ZK;FALSE;FALSE
4.2PT;ALUMINIUM PROFIL CZYSTY Z£OM;material000012bb;ZK;TRUE;FALSE
4.2CHSDT;ALUMINIUM CH£ODNICE ZE STACJI DEMONTAØU Z£OM;material000012bc;ZK;TRUE;FALSE
10.1 ZPT;Elementy z≥omowe pochodzπce z Zak≥adu Przetwarzania;material000012bd;ZK;TRUE;FALSE
N10 ZPB;Z≥om pochodzπcy z Zak≥adu Przetwarzania ZSEiE;material000012c3;ZC;TRUE;TRUE
1.7;MIEDè POZOSTA£E Z£OM;material000012ec;ZK;TRUE;TRUE
1.7T;MIEDè POZOSTA£E Z£OM;material000012ed;ZK;TRUE;TRUE
10.1AR;ALTERNATORY I ROZRUSZNIKI Z£OM;material000012ee;ZK;TRUE;TRUE
10.1ART;ALTERNATORY I ROZRUSZNIKI Z£OM;material000012ef;ZK;TRUE;TRUE
10.1W;WIRNIKI MIEDZIANE Z£OM;material000012f0;ZK;TRUE;TRUE
10.1WT;WIRNIKI MIEDZIANE Z£OM;material000012f1;ZK;TRUE;TRUE
10.1G;SILNIKI ELEKTRYCZNE POW.700 KG - GABARYT Z£OM;material000012f2;ZK;TRUE;TRUE
10.1GT;SILNIKI ELEKTRYCZNE POW.700 KG - GABARYT Z£OM;material000012f3;ZK;TRUE;TRUE
10.1S;SPR ØARKI OD LOD”WEK BEZ OLEJU (AGREGATY) Z£OM;material000012f4;ZK;TRUE;TRUE
10.1ST;SPR ØARKI OD LOD”WEK BEZ OLEJU (AGREGATY) Z£OM;material000012f5;ZK;TRUE;TRUE
2.0G;MOSI•DZ GATUNEK POPRODUKCYJNY Z£OM;material000012f6;ZK;TRUE;TRUE
2.0GT;MOSI•DZ GATUNEK POPRODUKCYJNY Z£OM;material000012f7;ZK;TRUE;TRUE
2.0W;MOSI•DZ W£OSY Z£OM;material000012f8;ZK;TRUE;TRUE
2.0WT;MOSI•DZ W£OSY Z£OM;material000012f9;ZK;TRUE;TRUE
2.4O;MOSI•DZ WI”RY OTOCZKA Z£OM;material000012fa;ZK;TRUE;TRUE
2.4OT;MOSI•DZ WI”RY OTOCZKA Z£OM;material000012fb;ZK;TRUE;TRUE
4.2I;ALUMINIUM IZOPROFIL Z£OM;material000012fc;ZK;TRUE;TRUE
4.2IT;ALUMINIUM IZOPROFIL Z£OM;material000012fd;ZK;TRUE;TRUE
4.2CHZ;ALUMINIUM CH£ODNICE ZANIECZYSZCZONE Z£OM;material000012fe;ZK;TRUE;TRUE
4.2CHZT;ALUMINIUM CH£ODNICE ZANIECZYSZCZONE Z£OM;material000012ff;ZK;TRUE;TRUE
4.2CHZSD;ALUMINIUM CH£ODNICE ZANIECZYSZCZONE ZE STACJI DEMNONTAØU Z£OM;material00001300;ZK;TRUE;TRUE
4.2CHZSDT;ALUMINIUM CH£ODNICE ZANIECZYSZCZONE ZE STACJI DEMNONTAØU Z£OM;material00001301;ZK;TRUE;TRUE
4.3FZ;ALUMINIUM FELGA ZANIECZYSZCZONA Z£OM;material00001302;ZK;TRUE;TRUE
4.3FZT;ALUMINIUM FELGA ZANIECZYSZCZONA Z£OM;material00001303;ZK;TRUE;TRUE
4.3FZSD;ALUMINIUM FELGA ZANIECZYSZCZONA ZE STACJI DEMONTAØU Z£OM;material00001304;ZK;TRUE;TRUE
4.3FZSDT;ALUMINIUM FELGA ZANIECZYSZCZONA ZE STACJI DEMONTAØU Z£OM;material00001305;ZK;TRUE;TRUE
6.0P;O£”W CZYSTY POKABLOWY Z£OM;material00001306;ZK;TRUE;TRUE
6.0PT;O£”W CZYSTY POKABLOWY Z£OM;material00001307;ZK;TRUE;TRUE
1.3TT;MIEDè NIESORT Z£OM;material0000134b;ZK;TRUE;FALSE
1.2TT;MIEDè KAWA£EK + GRUBA PALONA Z£OM;material0000134c;ZK;TRUE;FALSE
N10 ZPP;Z≥om pochodzπcy z Zak≥adu Przetwarzania ZSEiE;material00001381;ZC;TRUE;TRUE
10.1A;ALTERNATORY Z£OM;material000013a7;ZK;TRUE;FALSE
10.1AT;ALTERNATORY Z£OM;material000013a8;ZK;TRUE;FALSE
10.1R;ROZRUSZNIKI Z£OM;material000013a9;ZK;TRUE;FALSE
10.1RT;ROZRUSZNIKI Z£OM;material000013aa;ZK;TRUE;FALSE
10.1AL;SILNIKI ELEKTRYCZNE Z OBUDOW• ALUMINIOW• Z£OM;material000013ab;ZK;TRUE;FALSE
10.1ALT;SILNIKI ELEKTRYCZNE Z OBUDOW• ALUMINIOW• Z£OM;material000013ac;ZK;TRUE;FALSE
2.0L;£USKI MOSI ØNE CZYSTE Z£OM;material000013ad;ZK;TRUE;FALSE
2.0LT;£USKI MOSI ØNE CZYSTE Z£OM;material000013ae;ZK;TRUE;FALSE
4.1FE;ALUMINIUM LINKA Z RDZENIEM STALOWYM (Z FE) Z£OM;material000013af;ZK;TRUE;FALSE
4.1FET;ALUMINIUM LINKA Z RDZENIEM STALOWYM (Z FE) Z£OM;material000013b0;ZK;TRUE;FALSE
4.2ALMG;ALUMINIUM POPRODUKCJA ALMG Z£OM;material000013b1;ZK;TRUE;FALSE
4.2ALMGT;ALUMINIUM POPRODUKCJA ALMG Z£OM;material000013b2;ZK;TRUE;FALSE
4.6D;ALUMINIUM DEZODORANTY Z£OM;material000013b3;ZK;TRUE;FALSE
4.6DT;ALUMINIUM DEZODORANTY Z£OM;material000013b4;ZK;TRUE;FALSE
5.0P;CYNK POPRODUKCJA Z£OM;material000013b5;ZK;TRUE;FALSE
5.0PT;CYNK POPRODUKCJA Z£OM;material000013b6;ZK;TRUE;FALSE
5.1P;ZnAl POPRODUKCJA Z£OM;material000013b7;ZK;TRUE;FALSE
5.1PT;ZnAl POPRODUKCJA Z£OM;material000013b8;ZK;TRUE;FALSE
